disease,no_annuity,social_security,social_security_15,no_annuity_bequest,social_security_bequest,social_security_15_bequest,full_annuity
"cf1940",96116,106695,111619,92519,101081,105287,127030
"cf1970",46695,52414,55143,44877,49453,51736,60571
"all",9894,11150,11789,9644,10683,11215,13403
"cancer",2885,3279,3477,2783,3100,3262,3708
"diabetes",316,359,380,306,341,358,412
"heartdisease",2060,2351,2505,2020,2264,2392,2755
"homicide",96,93,90,92,89,87,173
"infectious",139,159,170,138,155,165,192
