disease,no_annuity,social_security,social_security_15,no_annuity_bequest,social_security_bequest,social_security_15_bequest,full_annuity
"cf1940",196619,225781,240641,189105,213599,226502,263095
"cf1970",96449,111964,120030,92652,105581,112480,126089
"all",20646,24007,25804,20033,22919,24500,28038
"cancer",6041,7093,7656,5820,6701,7181,7774
"diabetes",662,775,835,639,735,787,864
"heartdisease",4350,5116,5535,4239,4906,5277,5793
"homicide",174,171,167,166,163,160,347
"infectious",295,349,379,291,338,365,405
