var,coef,stderr,tstat,pval,ci_lower,ci_upper,N,r2,regressors
"_IeXrXpos_1_1",2.882309,.8485835,3.396612,.0006837,1.21901,4.545609,39329,.0528442,"_IeXrXpos* i.elderly i.year i.marstat i.racerecode i.educrecode i.sex i.region i.iquintile [pw=perwt]"
"_IeXrXpos_2_1",4.190008,1.325065,3.162115,.0015687,1.592762,6.787253,39329,.0528442,"_IeXrXpos* i.elderly i.year i.marstat i.racerecode i.educrecode i.sex i.region i.iquintile [pw=perwt]"
"0b.elderly",0,0,,,0,0,39329,.0528442,"_IeXrXpos* i.elderly i.year i.marstat i.racerecode i.educrecode i.sex i.region i.iquintile [pw=perwt]"
"1.elderly",3.813734,.5698944,6.692001,2.26e-11,2.69669,4.930778,39329,.0528442,"_IeXrXpos* i.elderly i.year i.marstat i.racerecode i.educrecode i.sex i.region i.iquintile [pw=perwt]"
"2001b.year",0,0,,,0,0,39329,.0528442,"_IeXrXpos* i.elderly i.year i.marstat i.racerecode i.educrecode i.sex i.region i.iquintile [pw=perwt]"
"2002.year",1.644124,.4552959,3.611112,.0003057,.7517038,2.536545,39329,.0528442,"_IeXrXpos* i.elderly i.year i.marstat i.racerecode i.educrecode i.sex i.region i.iquintile [pw=perwt]"
"2003.year",2.650726,.6285492,4.217213,.0000248,1.418713,3.882738,39329,.0528442,"_IeXrXpos* i.elderly i.year i.marstat i.racerecode i.educrecode i.sex i.region i.iquintile [pw=perwt]"
"2004.year",3.410432,.6369262,5.354517,8.68e-08,2.161999,4.658864,39329,.0528442,"_IeXrXpos* i.elderly i.year i.marstat i.racerecode i.educrecode i.sex i.region i.iquintile [pw=perwt]"
"2005.year",1.875528,.6758791,2.774947,.0055265,.5507452,3.200312,39329,.0528442,"_IeXrXpos* i.elderly i.year i.marstat i.racerecode i.educrecode i.sex i.region i.iquintile [pw=perwt]"
"2006.year",3.134224,.6803336,4.606893,4.11e-06,1.800709,4.467738,39329,.0528442,"_IeXrXpos* i.elderly i.year i.marstat i.racerecode i.educrecode i.sex i.region i.iquintile [pw=perwt]"
"2007.year",2.641927,.686252,3.849791,.0001186,1.296811,3.987041,39329,.0528442,"_IeXrXpos* i.elderly i.year i.marstat i.racerecode i.educrecode i.sex i.region i.iquintile [pw=perwt]"
"2008.year",2.725303,.7191058,3.78985,.0001512,1.315792,4.134815,39329,.0528442,"_IeXrXpos* i.elderly i.year i.marstat i.racerecode i.educrecode i.sex i.region i.iquintile [pw=perwt]"
"1b.marstat",0,0,,,0,0,39329,.0528442,"_IeXrXpos* i.elderly i.year i.marstat i.racerecode i.educrecode i.sex i.region i.iquintile [pw=perwt]"
"2.marstat",2.700263,.7332694,3.682498,.0002316,1.262989,4.137536,39329,.0528442,"_IeXrXpos* i.elderly i.year i.marstat i.racerecode i.educrecode i.sex i.region i.iquintile [pw=perwt]"
"3.marstat",1.514104,.5688285,2.661794,.0077791,.3991495,2.629059,39329,.0528442,"_IeXrXpos* i.elderly i.year i.marstat i.racerecode i.educrecode i.sex i.region i.iquintile [pw=perwt]"
"5.marstat",.5261157,.8767904,.6000472,.5484819,-1.192472,2.244703,39329,.0528442,"_IeXrXpos* i.elderly i.year i.marstat i.racerecode i.educrecode i.sex i.region i.iquintile [pw=perwt]"
"0b.racerecode",0,0,,,0,0,39329,.0528442,"_IeXrXpos* i.elderly i.year i.marstat i.racerecode i.educrecode i.sex i.region i.iquintile [pw=perwt]"
"1.racerecode",2.63025,.5412612,4.859484,1.19e-06,1.56933,3.69117,39329,.0528442,"_IeXrXpos* i.elderly i.year i.marstat i.racerecode i.educrecode i.sex i.region i.iquintile [pw=perwt]"
"1b.educrecode",0,0,,,0,0,39329,.0528442,"_IeXrXpos* i.elderly i.year i.marstat i.racerecode i.educrecode i.sex i.region i.iquintile [pw=perwt]"
"2.educrecode",.8402924,.5679296,1.479571,.1390043,-.2729003,1.953485,39329,.0528442,"_IeXrXpos* i.elderly i.year i.marstat i.racerecode i.educrecode i.sex i.region i.iquintile [pw=perwt]"
"3.educrecode",-1.612262,.4848055,-3.325585,.000884,-2.562524,-.6619999,39329,.0528442,"_IeXrXpos* i.elderly i.year i.marstat i.racerecode i.educrecode i.sex i.region i.iquintile [pw=perwt]"
"4.educrecode",3.797696,.6282274,6.045098,1.52e-09,2.566315,5.029078,39329,.0528442,"_IeXrXpos* i.elderly i.year i.marstat i.racerecode i.educrecode i.sex i.region i.iquintile [pw=perwt]"
"1b.sex",0,0,,,0,0,39329,.0528442,"_IeXrXpos* i.elderly i.year i.marstat i.racerecode i.educrecode i.sex i.region i.iquintile [pw=perwt]"
"2.sex",3.560242,.3698873,9.625208,7.02e-22,2.83523,4.285254,39329,.0528442,"_IeXrXpos* i.elderly i.year i.marstat i.racerecode i.educrecode i.sex i.region i.iquintile [pw=perwt]"
"1b.region",0,0,,,0,0,39329,.0528442,"_IeXrXpos* i.elderly i.year i.marstat i.racerecode i.educrecode i.sex i.region i.iquintile [pw=perwt]"
"2.region",3.267628,.6344281,5.150509,2.62e-07,2.024092,4.511164,39329,.0528442,"_IeXrXpos* i.elderly i.year i.marstat i.racerecode i.educrecode i.sex i.region i.iquintile [pw=perwt]"
"3.region",3.070353,.5527589,5.554597,2.82e-08,1.986896,4.15381,39329,.0528442,"_IeXrXpos* i.elderly i.year i.marstat i.racerecode i.educrecode i.sex i.region i.iquintile [pw=perwt]"
"4.region",-.978048,.6047463,-1.617286,.1058331,-2.163405,.2073087,39329,.0528442,"_IeXrXpos* i.elderly i.year i.marstat i.racerecode i.educrecode i.sex i.region i.iquintile [pw=perwt]"
"1b.iquintile",0,0,,,0,0,39329,.0528442,"_IeXrXpos* i.elderly i.year i.marstat i.racerecode i.educrecode i.sex i.region i.iquintile [pw=perwt]"
"2.iquintile",-1.581469,1.239566,-1.275825,.202033,-4.011128,.8481904,39329,.0528442,"_IeXrXpos* i.elderly i.year i.marstat i.racerecode i.educrecode i.sex i.region i.iquintile [pw=perwt]"
"3.iquintile",-4.647929,.9048153,-5.136882,2.82e-07,-6.421448,-2.874411,39329,.0528442,"_IeXrXpos* i.elderly i.year i.marstat i.racerecode i.educrecode i.sex i.region i.iquintile [pw=perwt]"
"4.iquintile",-7.155142,.8233954,-8.689801,3.92e-18,-8.76907,-5.541214,39329,.0528442,"_IeXrXpos* i.elderly i.year i.marstat i.racerecode i.educrecode i.sex i.region i.iquintile [pw=perwt]"
"5.iquintile",-9.703138,.8202968,-11.82881,3.59e-32,-11.31099,-8.095284,39329,.0528442,"_IeXrXpos* i.elderly i.year i.marstat i.racerecode i.educrecode i.sex i.region i.iquintile [pw=perwt]"
"_cons",18.3097,1.113085,16.44951,0,16.12795,20.49145,39329,.0528442,"_IeXrXpos* i.elderly i.year i.marstat i.racerecode i.educrecode i.sex i.region i.iquintile [pw=perwt]"
"_IeXgXpos_1_1",3.149749,.9331474,3.375403,.0007386,1.320697,4.978801,39329,.0528027,"_IeXgXpos* i.elderly i.year i.marstat i.racerecode i.educrecode i.sex i.region i.iquintile [pw=perwt]"
"_IeXgXpos_2_1",3.012237,.9631876,3.127362,.0017665,1.124303,4.90017,39329,.0528027,"_IeXgXpos* i.elderly i.year i.marstat i.racerecode i.educrecode i.sex i.region i.iquintile [pw=perwt]"
"0b.elderly",0,0,,,0,0,39329,.0528027,"_IeXgXpos* i.elderly i.year i.marstat i.racerecode i.educrecode i.sex i.region i.iquintile [pw=perwt]"
"1.elderly",3.815012,.5695654,6.69811,2.17e-11,2.698613,4.93141,39329,.0528027,"_IeXgXpos* i.elderly i.year i.marstat i.racerecode i.educrecode i.sex i.region i.iquintile [pw=perwt]"
"2001b.year",0,0,,,0,0,39329,.0528027,"_IeXgXpos* i.elderly i.year i.marstat i.racerecode i.educrecode i.sex i.region i.iquintile [pw=perwt]"
"2002.year",1.6408,.4552896,3.603861,.0003143,.7483922,2.533209,39329,.0528027,"_IeXgXpos* i.elderly i.year i.marstat i.racerecode i.educrecode i.sex i.region i.iquintile [pw=perwt]"
"2003.year",2.649036,.6285807,4.214313,.0000252,1.416962,3.88111,39329,.0528027,"_IeXgXpos* i.elderly i.year i.marstat i.racerecode i.educrecode i.sex i.region i.iquintile [pw=perwt]"
"2004.year",3.40775,.6369668,5.349966,8.90e-08,2.159239,4.656262,39329,.0528027,"_IeXgXpos* i.elderly i.year i.marstat i.racerecode i.educrecode i.sex i.region i.iquintile [pw=perwt]"
"2005.year",1.870614,.6758704,2.767711,.0056506,.5458478,3.19538,39329,.0528027,"_IeXgXpos* i.elderly i.year i.marstat i.racerecode i.educrecode i.sex i.region i.iquintile [pw=perwt]"
"2006.year",3.127555,.6805261,4.595791,4.34e-06,1.793664,4.461447,39329,.0528027,"_IeXgXpos* i.elderly i.year i.marstat i.racerecode i.educrecode i.sex i.region i.iquintile [pw=perwt]"
"2007.year",2.640933,.6862454,3.84838,.0001193,1.295831,3.986035,39329,.0528027,"_IeXgXpos* i.elderly i.year i.marstat i.racerecode i.educrecode i.sex i.region i.iquintile [pw=perwt]"
"2008.year",2.721932,.7192388,3.784462,.0001545,1.31216,4.131704,39329,.0528027,"_IeXgXpos* i.elderly i.year i.marstat i.racerecode i.educrecode i.sex i.region i.iquintile [pw=perwt]"
"1b.marstat",0,0,,,0,0,39329,.0528027,"_IeXgXpos* i.elderly i.year i.marstat i.racerecode i.educrecode i.sex i.region i.iquintile [pw=perwt]"
"2.marstat",2.711149,.7278526,3.72486,.000196,1.284493,4.137805,39329,.0528027,"_IeXgXpos* i.elderly i.year i.marstat i.racerecode i.educrecode i.sex i.region i.iquintile [pw=perwt]"
"3.marstat",1.517529,.5689005,2.667477,.0076488,.4024331,2.632624,39329,.0528027,"_IeXgXpos* i.elderly i.year i.marstat i.racerecode i.educrecode i.sex i.region i.iquintile [pw=perwt]"
"5.marstat",.5253335,.8767334,.5991942,.5490506,-1.193142,2.243809,39329,.0528027,"_IeXgXpos* i.elderly i.year i.marstat i.racerecode i.educrecode i.sex i.region i.iquintile [pw=perwt]"
"0b.racerecode",0,0,,,0,0,39329,.0528027,"_IeXgXpos* i.elderly i.year i.marstat i.racerecode i.educrecode i.sex i.region i.iquintile [pw=perwt]"
"1.racerecode",2.393359,.5072085,4.718688,2.39e-06,1.399185,3.387532,39329,.0528027,"_IeXgXpos* i.elderly i.year i.marstat i.racerecode i.educrecode i.sex i.region i.iquintile [pw=perwt]"
"1b.educrecode",0,0,,,0,0,39329,.0528027,"_IeXgXpos* i.elderly i.year i.marstat i.racerecode i.educrecode i.sex i.region i.iquintile [pw=perwt]"
"2.educrecode",.8435398,.5678875,1.485399,.1374546,-.2695703,1.95665,39329,.0528027,"_IeXgXpos* i.elderly i.year i.marstat i.racerecode i.educrecode i.sex i.region i.iquintile [pw=perwt]"
"3.educrecode",-1.612364,.4848307,-3.325623,.0008839,-2.562676,-.6620528,39329,.0528027,"_IeXgXpos* i.elderly i.year i.marstat i.racerecode i.educrecode i.sex i.region i.iquintile [pw=perwt]"
"4.educrecode",3.807239,.6283224,6.059372,1.39e-09,2.575671,5.038807,39329,.0528027,"_IeXgXpos* i.elderly i.year i.marstat i.racerecode i.educrecode i.sex i.region i.iquintile [pw=perwt]"
"1b.sex",0,0,,,0,0,39329,.0528027,"_IeXgXpos* i.elderly i.year i.marstat i.racerecode i.educrecode i.sex i.region i.iquintile [pw=perwt]"
"2.sex",3.584141,.3986097,8.991605,2.66e-19,2.80283,4.365451,39329,.0528027,"_IeXgXpos* i.elderly i.year i.marstat i.racerecode i.educrecode i.sex i.region i.iquintile [pw=perwt]"
"1b.region",0,0,,,0,0,39329,.0528027,"_IeXgXpos* i.elderly i.year i.marstat i.racerecode i.educrecode i.sex i.region i.iquintile [pw=perwt]"
"2.region",3.263285,.6343694,5.14414,2.71e-07,2.019864,4.506705,39329,.0528027,"_IeXgXpos* i.elderly i.year i.marstat i.racerecode i.educrecode i.sex i.region i.iquintile [pw=perwt]"
"3.region",3.065257,.552754,5.545426,2.97e-08,1.981809,4.148704,39329,.0528027,"_IeXgXpos* i.elderly i.year i.marstat i.racerecode i.educrecode i.sex i.region i.iquintile [pw=perwt]"
"4.region",-.9788591,.6048172,-1.618438,.1055849,-2.164355,.2066364,39329,.0528027,"_IeXgXpos* i.elderly i.year i.marstat i.racerecode i.educrecode i.sex i.region i.iquintile [pw=perwt]"
"1b.iquintile",0,0,,,0,0,39329,.0528027,"_IeXgXpos* i.elderly i.year i.marstat i.racerecode i.educrecode i.sex i.region i.iquintile [pw=perwt]"
"2.iquintile",-1.569219,1.23911,-1.266409,.2053824,-3.997984,.8595463,39329,.0528027,"_IeXgXpos* i.elderly i.year i.marstat i.racerecode i.educrecode i.sex i.region i.iquintile [pw=perwt]"
"3.iquintile",-4.651776,.9048464,-5.140957,2.76e-07,-6.425356,-2.878197,39329,.0528027,"_IeXgXpos* i.elderly i.year i.marstat i.racerecode i.educrecode i.sex i.region i.iquintile [pw=perwt]"
"4.iquintile",-7.155093,.8237837,-8.685645,4.07e-18,-8.769782,-5.540403,39329,.0528027,"_IeXgXpos* i.elderly i.year i.marstat i.racerecode i.educrecode i.sex i.region i.iquintile [pw=perwt]"
"5.iquintile",-9.69835,.8204736,-11.82043,3.97e-32,-11.30655,-8.090149,39329,.0528027,"_IeXgXpos* i.elderly i.year i.marstat i.racerecode i.educrecode i.sex i.region i.iquintile [pw=perwt]"
"_cons",18.49665,1.105041,16.73843,0,16.33067,20.66262,39329,.0528027,"_IeXgXpos* i.elderly i.year i.marstat i.racerecode i.educrecode i.sex i.region i.iquintile [pw=perwt]"
"_IeldXpos_1_1",1.624438,1.674989,.9698204,.3321484,-1.658689,4.907565,39329,.0531647,"_IeldXpos* i.elderly i.year i.marstat i.racerecode i.educrecode i.sex i.region i.iquintile [pw=perwt]"
"_IeldXpos_2_1",8.349473,2.671374,3.125535,.0017775,3.113343,13.5856,39329,.0531647,"_IeldXpos* i.elderly i.year i.marstat i.racerecode i.educrecode i.sex i.region i.iquintile [pw=perwt]"
"_IeldXpos_3_1",3.506557,1.52842,2.294236,.0217878,.5107175,6.502397,39329,.0531647,"_IeldXpos* i.elderly i.year i.marstat i.racerecode i.educrecode i.sex i.region i.iquintile [pw=perwt]"
"_IeldXpos_4_1",2.683939,1.20258,2.231817,.0256387,.3267746,5.041103,39329,.0531647,"_IeldXpos* i.elderly i.year i.marstat i.racerecode i.educrecode i.sex i.region i.iquintile [pw=perwt]"
"_IeldXpos_5_1",2.712477,.9542568,2.842502,.0044809,.8420487,4.582905,39329,.0531647,"_IeldXpos* i.elderly i.year i.marstat i.racerecode i.educrecode i.sex i.region i.iquintile [pw=perwt]"
"0b.elderly",0,0,,,0,0,39329,.0531647,"_IeldXpos* i.elderly i.year i.marstat i.racerecode i.educrecode i.sex i.region i.iquintile [pw=perwt]"
"1.elderly",3.871897,.5711316,6.779344,1.24e-11,2.752429,4.991366,39329,.0531647,"_IeldXpos* i.elderly i.year i.marstat i.racerecode i.educrecode i.sex i.region i.iquintile [pw=perwt]"
"2001b.year",0,0,,,0,0,39329,.0531647,"_IeldXpos* i.elderly i.year i.marstat i.racerecode i.educrecode i.sex i.region i.iquintile [pw=perwt]"
"2002.year",1.644403,.4552204,3.612322,.0003043,.75213,2.536675,39329,.0531647,"_IeldXpos* i.elderly i.year i.marstat i.racerecode i.educrecode i.sex i.region i.iquintile [pw=perwt]"
"2003.year",2.654017,.6282802,4.224257,.0000241,1.422532,3.885502,39329,.0531647,"_IeldXpos* i.elderly i.year i.marstat i.racerecode i.educrecode i.sex i.region i.iquintile [pw=perwt]"
"2004.year",3.409772,.6366105,5.356135,8.60e-08,2.161958,4.657585,39329,.0531647,"_IeldXpos* i.elderly i.year i.marstat i.racerecode i.educrecode i.sex i.region i.iquintile [pw=perwt]"
"2005.year",1.881604,.6756998,2.784675,.0053634,.5571727,3.206036,39329,.0531647,"_IeldXpos* i.elderly i.year i.marstat i.racerecode i.educrecode i.sex i.region i.iquintile [pw=perwt]"
"2006.year",3.12789,.6800611,4.599425,4.26e-06,1.79491,4.460871,39329,.0531647,"_IeldXpos* i.elderly i.year i.marstat i.racerecode i.educrecode i.sex i.region i.iquintile [pw=perwt]"
"2007.year",2.63123,.685957,3.835853,.0001255,1.286693,3.975767,39329,.0531647,"_IeldXpos* i.elderly i.year i.marstat i.racerecode i.educrecode i.sex i.region i.iquintile [pw=perwt]"
"2008.year",2.711164,.7191889,3.769753,.0001639,1.30149,4.120838,39329,.0531647,"_IeldXpos* i.elderly i.year i.marstat i.racerecode i.educrecode i.sex i.region i.iquintile [pw=perwt]"
"1b.marstat",0,0,,,0,0,39329,.0531647,"_IeldXpos* i.elderly i.year i.marstat i.racerecode i.educrecode i.sex i.region i.iquintile [pw=perwt]"
"2.marstat",2.684982,.7318222,3.6689,.0002443,1.250545,4.119419,39329,.0531647,"_IeldXpos* i.elderly i.year i.marstat i.racerecode i.educrecode i.sex i.region i.iquintile [pw=perwt]"
"3.marstat",1.507916,.5676054,2.656627,.0078993,.3953587,2.620473,39329,.0531647,"_IeldXpos* i.elderly i.year i.marstat i.racerecode i.educrecode i.sex i.region i.iquintile [pw=perwt]"
"5.marstat",.534669,.8756648,.6105865,.5414807,-1.181712,2.25105,39329,.0531647,"_IeldXpos* i.elderly i.year i.marstat i.racerecode i.educrecode i.sex i.region i.iquintile [pw=perwt]"
"0b.racerecode",0,0,,,0,0,39329,.0531647,"_IeldXpos* i.elderly i.year i.marstat i.racerecode i.educrecode i.sex i.region i.iquintile [pw=perwt]"
"1.racerecode",2.387697,.5072338,4.707291,2.53e-06,1.393474,3.381921,39329,.0531647,"_IeldXpos* i.elderly i.year i.marstat i.racerecode i.educrecode i.sex i.region i.iquintile [pw=perwt]"
"1b.educrecode",0,0,,,0,0,39329,.0531647,"_IeldXpos* i.elderly i.year i.marstat i.racerecode i.educrecode i.sex i.region i.iquintile [pw=perwt]"
"2.educrecode",.8440663,.5682693,1.485328,.1374736,-.2697922,1.957925,39329,.0531647,"_IeldXpos* i.elderly i.year i.marstat i.racerecode i.educrecode i.sex i.region i.iquintile [pw=perwt]"
"3.educrecode",-1.610209,.484731,-3.321861,.0008959,-2.560325,-.6600929,39329,.0531647,"_IeldXpos* i.elderly i.year i.marstat i.racerecode i.educrecode i.sex i.region i.iquintile [pw=perwt]"
"4.educrecode",3.807012,.6270311,6.071487,1.29e-09,2.577975,5.036048,39329,.0531647,"_IeldXpos* i.elderly i.year i.marstat i.racerecode i.educrecode i.sex i.region i.iquintile [pw=perwt]"
"1b.sex",0,0,,,0,0,39329,.0531647,"_IeldXpos* i.elderly i.year i.marstat i.racerecode i.educrecode i.sex i.region i.iquintile [pw=perwt]"
"2.sex",3.559207,.369686,9.62765,6.86e-22,2.83459,4.283824,39329,.0531647,"_IeldXpos* i.elderly i.year i.marstat i.racerecode i.educrecode i.sex i.region i.iquintile [pw=perwt]"
"1b.region",0,0,,,0,0,39329,.0531647,"_IeldXpos* i.elderly i.year i.marstat i.racerecode i.educrecode i.sex i.region i.iquintile [pw=perwt]"
"2.region",3.255036,.6340746,5.133523,2.87e-07,2.012194,4.497879,39329,.0531647,"_IeldXpos* i.elderly i.year i.marstat i.racerecode i.educrecode i.sex i.region i.iquintile [pw=perwt]"
"3.region",3.072121,.5524281,5.561123,2.72e-08,1.989313,4.154929,39329,.0531647,"_IeldXpos* i.elderly i.year i.marstat i.racerecode i.educrecode i.sex i.region i.iquintile [pw=perwt]"
"4.region",-.9675859,.604391,-1.600927,.1094098,-2.152246,.2170744,39329,.0531647,"_IeldXpos* i.elderly i.year i.marstat i.racerecode i.educrecode i.sex i.region i.iquintile [pw=perwt]"
"1b.iquintile",0,0,,,0,0,39329,.0531647,"_IeldXpos* i.elderly i.year i.marstat i.racerecode i.educrecode i.sex i.region i.iquintile [pw=perwt]"
"2.iquintile",-3.476018,1.288654,-2.697401,.0069945,-6.001895,-.9501404,39329,.0531647,"_IeldXpos* i.elderly i.year i.marstat i.racerecode i.educrecode i.sex i.region i.iquintile [pw=perwt]"
"3.iquintile",-5.036023,1.003891,-5.016505,5.31e-07,-7.003739,-3.068308,39329,.0531647,"_IeldXpos* i.elderly i.year i.marstat i.racerecode i.educrecode i.sex i.region i.iquintile [pw=perwt]"
"4.iquintile",-7.357233,.9097229,-8.087334,6.46e-16,-9.140371,-5.574095,39329,.0531647,"_IeldXpos* i.elderly i.year i.marstat i.racerecode i.educrecode i.sex i.region i.iquintile [pw=perwt]"
"5.iquintile",-9.910814,.9074401,-10.92173,1.10e-27,-11.68948,-8.132151,39329,.0531647,"_IeldXpos* i.elderly i.year i.marstat i.racerecode i.educrecode i.sex i.region i.iquintile [pw=perwt]"
"_cons",18.76895,1.166889,16.0846,0,16.48174,21.05616,39329,.0531647,"_IeldXpos* i.elderly i.year i.marstat i.racerecode i.educrecode i.sex i.region i.iquintile [pw=perwt]"
