category,avgdeaths
"a01 Heart Failure",53460.88
"a02 Ischemic and Hypertension",413134.6
"a03 Other Heart",88857.88
"a04 Cerebrovascular (Stroke)",128476.4
"a05 Peripheral Vascular",6429.875
"a06 Other CVD",23435.38
"b01 Digestive",89142.88
"b02 Lung",114712.6
"b03 Breast",23916.63
"b04 Genital",42699
"b05 Lymph",40414.13
"b06 Bladder",11010.25
"b07 Thyroid",1037.625
"b08 Other Cancer",66225.5
"c01 Diabetes",53410.13
"c02 Alzheimer's",67193.63
"c03 Chronic Lower Respiratory",109987.4
"c04 Renal Failure",34897.63
"c05 Other Kidney",1351.625
"c06 Upper Respiratory",363.125
"c07 Respiratory Failure",3119.5
"c08 Lipid Metabolism",5180.875
"c09 Digestive System",54856.25
"c10 Parkinson's",18197.13
"c11 Pneumonia",52099.38
"c12 Other",236342.8
"d01 Transport Accidents",7741.5
"d02 Falls",15448.5
"d03 Drowning/Submersion",452.75
"d04 Smoke/Fires/Flame",1091.125
"d05 Poison/Noxious Substance",967
"d06 Other Accidents",11919.5
"d07 Suicide",5408.25
"d08 Homicide",839.75
"d09 Other External Causes",327.5
