country_not_in_mb,totalpop08_not_in_mb,percentmuslim08_not_in_mb,tier_not_in_mb,country,totalpop08,percentmuslim08,tier
"Algeria",33769.668,99,3,"Benin",8532.547,20,3
"Angola",12531.357,1,2,"Burkina Faso",15264.735,50,3
"Botswana",1842.323,.4,1,"Cameroon",8691.005,20,3
"Burundi",8691.005,10,2,"Central African Republic",4444.33,15,2
"Cape Verde",426.998,.1,1,"Chad",10111.337,51,3
"Comoros",731.775,98,1,"Cote d'Ivoire",20179.602,37.5,2
"Congo",3903.318,2,2,"Dem. Rep. of Congo",66514.504,10,3
"Djibouti",506.221,94,1,"Eritrea",5502.026,48,1
"Egypt",81713.52,94,3,"Ethiopia",82544.84,47.5,2
"Equatorial Guinea",616.459,4.1,1,"Gambia",1735.464,90,2
"Gabon",1485.832,.7,2,"Ghana",23382.848,16,2
"Guinea-Bissau",1503.182,45,1,"Guinea",9806.509,85,1
"Lesotho",2128.18,.1,1,"Kenya",37953.84,10,3
"Liberia",3334.587,20,2,"Mali",12324.029,90,3
"Libya",6173.579,97,2,"Mauritania",3364.94,100,1
"Madagascar",20042.552,7,1,"Niger",13272.679,80,3
"Malawi",13931.831,20,3,"Nigeria",146255.312,50,3
"Mauritius",1274.189,16.6,1,"Senegal",12853.259,94,3
"Morocco",34343.22,98.7,3,"Sudan",40218.456,70,3
"Mozambique",21284.7,20,2,"Togo",5858.673,20,2
"Namibia",2088.669,.4,1,"Uganda",31367.972,16,2
"Reunion (France)",776.948,4.2,1,"",,,
"Rwanda",10186.063,4.6,3,"",,,
"Sao Tome and Principe",206.178,.1,1,"",,,
"Seychelles",82.247,1.1,1,"",,,
"Sierra Leone",6294.774,60,2,"",,,
"Somalia",9558.666,100,1,"",,,
"South Africa",48782.756,2,3,"",,,
"Swaziland",1128.814,10,1,"",,,
"Tanzania",40213.16,35,3,"",,,
"Tunisia",10383.577,98,2,"",,,
"Zambia",11669.534,25,2,"",,,
"Zimbabwe",11350.111,1,1,"",,,
