<?xml version='1.0' encoding='ISO-8859-1' standalone='yes'?>                           <?mso-application progid='Excel.Sheet'?>                           <Workbook xmlns='urn:schemas-microsoft-com:office:spreadsheet'                                     xmlns:o='urn:schemas-microsoft-com:office:office'                                     xmlns:x='urn:schemas-microsoft-com:office:excel'                                     xmlns:ss='urn:schemas-microsoft-com:office:spreadsheet'                                     xmlns:html='http://www.w3.org/TR/REC-html40'>
<FontList>01 Arial 10</FontList>
<Styles><Style ss:ID='s' /> <Style ss:ID='s01_Title'><Alignment ss:Vertical='Center' ss:Horizontal='Center' ss:WrapText='1'/><Font ss:Bold='1' ss:FontName='Arial' ss:Size='10' /></Style><Style ss:ID='s01_Note'><Alignment ss:Vertical='Center' ss:Horizontal='Left' /><Font ss:FontName='Arial' ss:Size='10' /></Style><Style ss:ID='s01_9_S2100'><Alignment ss:Vertical='Center' ss:Horizontal='Left' ss:WrapText='1'/><Font  ss:FontName='Arial' ss:Size='10' /><Borders></Borders><NumberFormat ss:Format='(#,##0);(-#,##0)' /></Style><Style ss:ID='s01_0_S2100'><Alignment ss:Vertical='Center' ss:Horizontal='Left' ss:WrapText='1'/><Font  ss:FontName='Arial' ss:Size='10' /><Borders></Borders><NumberFormat ss:Format='#,##0&quot;&quot;;-#,##0&quot;&quot;' /></Style><Style ss:ID='s01_9_S2210'><Alignment ss:Vertical='Center' ss:Horizontal='Center' ss:WrapText='1'/><Font ss:Bold='1' ss:FontName='Arial' ss:Size='10' /><Borders></Borders><NumberFormat ss:Format='(#,##0);(-#,##0)' /></Style><Style ss:ID='s01_1_N2303'><Alignment ss:Vertical='Center' ss:Horizontal='Right' /><Font  ss:FontName='Arial' ss:Size='10' /><Borders></Borders><NumberFormat ss:Format='#,##0.000&quot;***&quot;;-#,##0.000&quot;***&quot;' /></Style><Style ss:ID='s01_9_N2303'><Alignment ss:Vertical='Center' ss:Horizontal='Right' /><Font  ss:FontName='Arial' ss:Size='10' /><Borders></Borders><NumberFormat ss:Format='(#,##0.000);(-#,##0.000)' /></Style><Style ss:ID='s01_0_N2303'><Alignment ss:Vertical='Center' ss:Horizontal='Right' /><Font  ss:FontName='Arial' ss:Size='10' /><Borders></Borders><NumberFormat ss:Format='#,##0.000&quot;&quot;;-#,##0.000&quot;&quot;' /></Style><Style ss:ID='s01_0_N2200'><Alignment ss:Vertical='Center' ss:Horizontal='Center' /><Font  ss:FontName='Arial' ss:Size='10' /><Borders></Borders><NumberFormat ss:Format='#,##0&quot;&quot;;-#,##0&quot;&quot;' /></Style><Style ss:ID='s01_0_N2203'><Alignment ss:Vertical='Center' ss:Horizontal='Center' /><Font  ss:FontName='Arial' ss:Size='10' /><Borders></Borders><NumberFormat ss:Format='#,##0.000&quot;&quot;;-#,##0.000&quot;&quot;' /></Style><Style ss:ID='s01_3_N2303'><Alignment ss:Vertical='Center' ss:Horizontal='Right' /><Font  ss:FontName='Arial' ss:Size='10' /><Borders></Borders><NumberFormat ss:Format='#,##0.000&quot;*&quot;;-#,##0.000&quot;*&quot;' /></Style></Styles>
<DocumentProperties xmlns='urn:schemas-microsoft-com:office:office'><Description>created using xml_tab</Description></DocumentProperties><Sheetnames>?Report_indiv_reg?</Sheetnames>
<Worksheet ss:Name='Report_indiv_reg'><Table x:FullColumns='1' x:FullRows='1'><Column ss:Index='1' ss:AutoFitWidth='0' ss:Width='140'/><Row ss:Index='1'> <Cell ss:StyleID='s01_9_S2100' ><Data ss:Type='String'></Data></Cell> <Cell ss:StyleID='s01_9_S2210' ><Data ss:Type='String'>meningitis</Data></Cell> <Cell ss:StyleID='s01_9_S2210' ><Data ss:Type='String'>measles</Data></Cell> <Cell ss:StyleID='s01_9_S2210' ><Data ss:Type='String'>trend3</Data></Cell></Row>
<Row ss:Index='2'> <Cell ss:StyleID='s01_9_S2100' ><Data ss:Type='String'></Data></Cell> <Cell ss:StyleID='s01_9_S2210' ><Data ss:Type='String'>coef/se</Data></Cell> <Cell ss:StyleID='s01_9_S2210' ><Data ss:Type='String'>coef/se</Data></Cell> <Cell ss:StyleID='s01_9_S2210' ><Data ss:Type='String'>coef/se</Data></Cell></Row>
<Row ss:Index='3'> <Cell ss:StyleID='s01_0_S2100' ><Data ss:Type='String'>_cons</Data></Cell> <Cell ss:StyleID='s01_1_N2303' ><Data ss:Type='Number'>-.1319038336582441</Data></Cell> <Cell ss:StyleID='s01_0_N2303' ><Data ss:Type='Number'>.0035737491877864723</Data></Cell> <Cell ss:StyleID='s01_1_N2303' ><Data ss:Type='Number'>.03330084470433789</Data></Cell></Row>
<Row ss:Index='4'> <Cell ss:StyleID='s01_9_S2100' ><Data ss:Type='String'></Data></Cell> <Cell ss:StyleID='s01_9_N2303' ><Data ss:Type='Number'>.017810814100208548</Data></Cell> <Cell ss:StyleID='s01_9_N2303' ><Data ss:Type='Number'>.011120711666068858</Data></Cell> <Cell ss:StyleID='s01_9_N2303' ><Data ss:Type='Number'>.011594504819172428</Data></Cell></Row>
<Row ss:Index='5'> <Cell ss:StyleID='s01_0_S2100' ><Data ss:Type='String'>period2</Data></Cell> <Cell ss:StyleID='s01_0_N2303' ><Data ss:Type='Number'>-.046737213403879936</Data></Cell> <Cell ss:StyleID='s01_0_N2303' ><Data ss:Type='Number'>-.014991181657848452</Data></Cell> <Cell ss:StyleID='s01_0_N2303' ><Data ss:Type='Number'>-.014991181657846657</Data></Cell></Row>
<Row ss:Index='6'> <Cell ss:StyleID='s01_9_S2100' ><Data ss:Type='String'></Data></Cell> <Cell ss:StyleID='s01_9_N2303' ><Data ss:Type='Number'>.029719696789710662</Data></Cell> <Cell ss:StyleID='s01_9_N2303' ><Data ss:Type='Number'>.022620135711456883</Data></Cell> <Cell ss:StyleID='s01_9_N2303' ><Data ss:Type='Number'>.022322782175490177</Data></Cell></Row>
<Row ss:Index='7'> <Cell ss:StyleID='s01_0_S2100' ><Data ss:Type='String'>period3</Data></Cell> <Cell ss:StyleID='s01_1_N2303' ><Data ss:Type='Number'>.13888888888888856</Data></Cell> <Cell ss:StyleID='s01_0_N2303' ><Data ss:Type='Number'>.0061728395061727377</Data></Cell> <Cell ss:StyleID='s01_0_N2303' ><Data ss:Type='Number'>.0061728395061756416</Data></Cell></Row>
<Row ss:Index='8'> <Cell ss:StyleID='s01_9_S2100' ><Data ss:Type='String'></Data></Cell> <Cell ss:StyleID='s01_9_N2303' ><Data ss:Type='Number'>.034118343021906736</Data></Cell> <Cell ss:StyleID='s01_9_N2303' ><Data ss:Type='Number'>.016306364215083125</Data></Cell> <Cell ss:StyleID='s01_9_N2303' ><Data ss:Type='Number'>.016092008513598141</Data></Cell></Row>
<Row ss:Index='9'> <Cell ss:StyleID='s01_0_S2100' ><Data ss:Type='String'>Disease indicator. 0=measles, 1=meningitis</Data></Cell> <Cell ss:StyleID='s01_0_N2303' ><Data ss:Type='String'></Data></Cell> <Cell ss:StyleID='s01_0_N2303' ><Data ss:Type='String'></Data></Cell> <Cell ss:StyleID='s01_3_N2303' ><Data ss:Type='Number'>-.037037037037034662</Data></Cell></Row>
<Row ss:Index='10'> <Cell ss:StyleID='s01_9_S2100' ><Data ss:Type='String'></Data></Cell> <Cell ss:StyleID='s01_9_N2303' ><Data ss:Type='String'></Data></Cell> <Cell ss:StyleID='s01_9_N2303' ><Data ss:Type='String'></Data></Cell> <Cell ss:StyleID='s01_9_N2303' ><Data ss:Type='Number'>.018786047712279649</Data></Cell></Row>
<Row ss:Index='11'> <Cell ss:StyleID='s01_0_S2100' ><Data ss:Type='String'>period2_m</Data></Cell> <Cell ss:StyleID='s01_0_N2303' ><Data ss:Type='String'></Data></Cell> <Cell ss:StyleID='s01_0_N2303' ><Data ss:Type='String'></Data></Cell> <Cell ss:StyleID='s01_0_N2303' ><Data ss:Type='Number'>-.031746031746034326</Data></Cell></Row>
<Row ss:Index='12'> <Cell ss:StyleID='s01_9_S2100' ><Data ss:Type='String'></Data></Cell> <Cell ss:StyleID='s01_9_N2303' ><Data ss:Type='String'></Data></Cell> <Cell ss:StyleID='s01_9_N2303' ><Data ss:Type='String'></Data></Cell> <Cell ss:StyleID='s01_9_N2303' ><Data ss:Type='Number'>.030734283320637292</Data></Cell></Row>
<Row ss:Index='13'> <Cell ss:StyleID='s01_0_S2100' ><Data ss:Type='String'>period3_m</Data></Cell> <Cell ss:StyleID='s01_0_N2303' ><Data ss:Type='String'></Data></Cell> <Cell ss:StyleID='s01_0_N2303' ><Data ss:Type='String'></Data></Cell> <Cell ss:StyleID='s01_1_N2303' ><Data ss:Type='Number'>.13271604938271159</Data></Cell></Row>
<Row ss:Index='14'> <Cell ss:StyleID='s01_9_S2100' ><Data ss:Type='String'></Data></Cell> <Cell ss:StyleID='s01_9_N2303' ><Data ss:Type='String'></Data></Cell> <Cell ss:StyleID='s01_9_N2303' ><Data ss:Type='String'></Data></Cell> <Cell ss:StyleID='s01_9_N2303' ><Data ss:Type='Number'>.034149848494756573</Data></Cell></Row>
<Row ss:Index='15'> <Cell ss:StyleID='s01_0_S2100' ><Data ss:Type='String'>Number of observations</Data></Cell> <Cell ss:StyleID='s01_0_N2200' ><Data ss:Type='Number'>1026</Data></Cell> <Cell ss:StyleID='s01_0_N2200' ><Data ss:Type='Number'>1026</Data></Cell> <Cell ss:StyleID='s01_0_N2200' ><Data ss:Type='Number'>2052</Data></Cell></Row>
<Row ss:Index='16'> <Cell ss:StyleID='s01_0_S2100' ><Data ss:Type='String'>R2</Data></Cell> <Cell ss:StyleID='s01_0_N2203' ><Data ss:Type='Number'>.039151657836577147</Data></Cell> <Cell ss:StyleID='s01_0_N2203' ><Data ss:Type='Number'>.011161946009337398</Data></Cell> <Cell ss:StyleID='s01_0_N2203' ><Data ss:Type='Number'>.02685353644884747</Data></Cell></Row>
<Row ss:Index='17'><Cell ss:StyleID='s01_Note'><Data ss:Type='String'>note:  .01 - ***; .05 - **; .1 - *;</Data></Cell></Row></Table></Worksheet>
</Workbook>