<?xml version='1.0' encoding='ISO-8859-1' standalone='yes'?>                           <?mso-application progid='Excel.Sheet'?>                           <Workbook xmlns='urn:schemas-microsoft-com:office:spreadsheet'                                     xmlns:o='urn:schemas-microsoft-com:office:office'                                     xmlns:x='urn:schemas-microsoft-com:office:excel'                                     xmlns:ss='urn:schemas-microsoft-com:office:spreadsheet'                                     xmlns:html='http://www.w3.org/TR/REC-html40'>
<FontList>01 Arial 10</FontList>
<Styles><Style ss:ID='s' /> <Style ss:ID='s01_Title'><Alignment ss:Vertical='Center' ss:Horizontal='Center' ss:WrapText='1'/><Font ss:Bold='1' ss:FontName='Arial' ss:Size='10' /></Style><Style ss:ID='s01_Note'><Alignment ss:Vertical='Center' ss:Horizontal='Left' /><Font ss:FontName='Arial' ss:Size='10' /></Style><Style ss:ID='s01_9_S2100'><Alignment ss:Vertical='Center' ss:Horizontal='Left' ss:WrapText='1'/><Font  ss:FontName='Arial' ss:Size='10' /><Borders></Borders><NumberFormat ss:Format='(#,##0);(-#,##0)' /></Style><Style ss:ID='s01_0_S2100'><Alignment ss:Vertical='Center' ss:Horizontal='Left' ss:WrapText='1'/><Font  ss:FontName='Arial' ss:Size='10' /><Borders></Borders><NumberFormat ss:Format='#,##0&quot;&quot;;-#,##0&quot;&quot;' /></Style><Style ss:ID='s01_9_S2210'><Alignment ss:Vertical='Center' ss:Horizontal='Center' ss:WrapText='1'/><Font ss:Bold='1' ss:FontName='Arial' ss:Size='10' /><Borders></Borders><NumberFormat ss:Format='(#,##0);(-#,##0)' /></Style><Style ss:ID='s01_1_N2303'><Alignment ss:Vertical='Center' ss:Horizontal='Right' /><Font  ss:FontName='Arial' ss:Size='10' /><Borders></Borders><NumberFormat ss:Format='#,##0.000&quot;***&quot;;-#,##0.000&quot;***&quot;' /></Style><Style ss:ID='s01_9_N2303'><Alignment ss:Vertical='Center' ss:Horizontal='Right' /><Font  ss:FontName='Arial' ss:Size='10' /><Borders></Borders><NumberFormat ss:Format='(#,##0.000);(-#,##0.000)' /></Style><Style ss:ID='s01_0_N2303'><Alignment ss:Vertical='Center' ss:Horizontal='Right' /><Font  ss:FontName='Arial' ss:Size='10' /><Borders></Borders><NumberFormat ss:Format='#,##0.000&quot;&quot;;-#,##0.000&quot;&quot;' /></Style><Style ss:ID='s01_0_N2200'><Alignment ss:Vertical='Center' ss:Horizontal='Center' /><Font  ss:FontName='Arial' ss:Size='10' /><Borders></Borders><NumberFormat ss:Format='#,##0&quot;&quot;;-#,##0&quot;&quot;' /></Style><Style ss:ID='s01_0_N2203'><Alignment ss:Vertical='Center' ss:Horizontal='Center' /><Font  ss:FontName='Arial' ss:Size='10' /><Borders></Borders><NumberFormat ss:Format='#,##0.000&quot;&quot;;-#,##0.000&quot;&quot;' /></Style></Styles>
<DocumentProperties xmlns='urn:schemas-microsoft-com:office:office'><Description>created using xml_tab</Description></DocumentProperties><Sheetnames>?Report_indiv_reg?</Sheetnames>
<Worksheet ss:Name='Report_indiv_reg'><Table x:FullColumns='1' x:FullRows='1'><Column ss:Index='1' ss:AutoFitWidth='0' ss:Width='140'/><Row ss:Index='1'> <Cell ss:StyleID='s01_9_S2100' ><Data ss:Type='String'></Data></Cell> <Cell ss:StyleID='s01_9_S2210' ><Data ss:Type='String'>meningitis</Data></Cell> <Cell ss:StyleID='s01_9_S2210' ><Data ss:Type='String'>cholera</Data></Cell> <Cell ss:StyleID='s01_9_S2210' ><Data ss:Type='String'>trend3</Data></Cell></Row>
<Row ss:Index='2'> <Cell ss:StyleID='s01_9_S2100' ><Data ss:Type='String'></Data></Cell> <Cell ss:StyleID='s01_9_S2210' ><Data ss:Type='String'>coef/se</Data></Cell> <Cell ss:StyleID='s01_9_S2210' ><Data ss:Type='String'>coef/se</Data></Cell> <Cell ss:StyleID='s01_9_S2210' ><Data ss:Type='String'>coef/se</Data></Cell></Row>
<Row ss:Index='3'> <Cell ss:StyleID='s01_0_S2100' ><Data ss:Type='String'>_cons</Data></Cell> <Cell ss:StyleID='s01_1_N2303' ><Data ss:Type='Number'>.02849264705882118</Data></Cell> <Cell ss:StyleID='s01_0_N2303' ><Data ss:Type='Number'>-.0043828892005489985</Data></Cell> <Cell ss:StyleID='s01_1_N2303' ><Data ss:Type='Number'>-.029891304347847085</Data></Cell></Row>
<Row ss:Index='4'> <Cell ss:StyleID='s01_9_S2100' ><Data ss:Type='String'></Data></Cell> <Cell ss:StyleID='s01_9_N2303' ><Data ss:Type='Number'>.0037370207262076376</Data></Cell> <Cell ss:StyleID='s01_9_N2303' ><Data ss:Type='Number'>.0053703183967938484</Data></Cell> <Cell ss:StyleID='s01_9_N2303' ><Data ss:Type='Number'>.0069871115918506413</Data></Cell></Row>
<Row ss:Index='5'> <Cell ss:StyleID='s01_0_S2100' ><Data ss:Type='String'>period2</Data></Cell> <Cell ss:StyleID='s01_1_N2303' ><Data ss:Type='Number'>-.039488017429193945</Data></Cell> <Cell ss:StyleID='s01_0_N2303' ><Data ss:Type='Number'>.016304347826087015</Data></Cell> <Cell ss:StyleID='s01_0_N2303' ><Data ss:Type='Number'>.016304347826087532</Data></Cell></Row>
<Row ss:Index='6'> <Cell ss:StyleID='s01_9_S2100' ><Data ss:Type='String'></Data></Cell> <Cell ss:StyleID='s01_9_N2303' ><Data ss:Type='Number'>.01206214421804005</Data></Cell> <Cell ss:StyleID='s01_9_N2303' ><Data ss:Type='Number'>.014841100091172371</Data></Cell> <Cell ss:StyleID='s01_9_N2303' ><Data ss:Type='Number'>.014706225314497669</Data></Cell></Row>
<Row ss:Index='7'> <Cell ss:StyleID='s01_0_S2100' ><Data ss:Type='String'>period3</Data></Cell> <Cell ss:StyleID='s01_1_N2303' ><Data ss:Type='Number'>.057734204793028168</Data></Cell> <Cell ss:StyleID='s01_0_N2303' ><Data ss:Type='Number'>.00077639751552804762</Data></Cell> <Cell ss:StyleID='s01_0_N2303' ><Data ss:Type='Number'>.00077639751552766002</Data></Cell></Row>
<Row ss:Index='8'> <Cell ss:StyleID='s01_9_S2100' ><Data ss:Type='String'></Data></Cell> <Cell ss:StyleID='s01_9_N2303' ><Data ss:Type='Number'>.012985152170521376</Data></Cell> <Cell ss:StyleID='s01_9_N2303' ><Data ss:Type='Number'>.014217575869579498</Data></Cell> <Cell ss:StyleID='s01_9_N2303' ><Data ss:Type='Number'>.014088367633095577</Data></Cell></Row>
<Row ss:Index='9'> <Cell ss:StyleID='s01_0_S2100' ><Data ss:Type='String'>Disease indicator. 0=measles, 1=meningitis</Data></Cell> <Cell ss:StyleID='s01_0_N2303' ><Data ss:Type='String'></Data></Cell> <Cell ss:StyleID='s01_0_N2303' ><Data ss:Type='String'></Data></Cell> <Cell ss:StyleID='s01_0_N2303' ><Data ss:Type='Number'>-.0041160485933493755</Data></Cell></Row>
<Row ss:Index='10'> <Cell ss:StyleID='s01_9_S2100' ><Data ss:Type='String'></Data></Cell> <Cell ss:StyleID='s01_9_N2303' ><Data ss:Type='String'></Data></Cell> <Cell ss:StyleID='s01_9_N2303' ><Data ss:Type='String'></Data></Cell> <Cell ss:StyleID='s01_9_N2303' ><Data ss:Type='Number'>.0087642623097570812</Data></Cell></Row>
<Row ss:Index='11'> <Cell ss:StyleID='s01_0_S2100' ><Data ss:Type='String'>period2_m</Data></Cell> <Cell ss:StyleID='s01_0_N2303' ><Data ss:Type='String'></Data></Cell> <Cell ss:StyleID='s01_0_N2303' ><Data ss:Type='String'></Data></Cell> <Cell ss:StyleID='s01_1_N2303' ><Data ss:Type='Number'>-.055792365255281487</Data></Cell></Row>
<Row ss:Index='12'> <Cell ss:StyleID='s01_9_S2100' ><Data ss:Type='String'></Data></Cell> <Cell ss:StyleID='s01_9_N2303' ><Data ss:Type='String'></Data></Cell> <Cell ss:StyleID='s01_9_N2303' ><Data ss:Type='String'></Data></Cell> <Cell ss:StyleID='s01_9_N2303' ><Data ss:Type='Number'>.018836979802267409</Data></Cell></Row>
<Row ss:Index='13'> <Cell ss:StyleID='s01_0_S2100' ><Data ss:Type='String'>period3_m</Data></Cell> <Cell ss:StyleID='s01_0_N2303' ><Data ss:Type='String'></Data></Cell> <Cell ss:StyleID='s01_0_N2303' ><Data ss:Type='String'></Data></Cell> <Cell ss:StyleID='s01_1_N2303' ><Data ss:Type='Number'>.056957807277500092</Data></Cell></Row>
<Row ss:Index='14'> <Cell ss:StyleID='s01_9_S2100' ><Data ss:Type='String'></Data></Cell> <Cell ss:StyleID='s01_9_N2303' ><Data ss:Type='String'></Data></Cell> <Cell ss:StyleID='s01_9_N2303' ><Data ss:Type='String'></Data></Cell> <Cell ss:StyleID='s01_9_N2303' ><Data ss:Type='Number'>.019400032750330035</Data></Cell></Row>
<Row ss:Index='15'> <Cell ss:StyleID='s01_0_S2100' ><Data ss:Type='String'>Number of observations</Data></Cell> <Cell ss:StyleID='s01_0_N2200' ><Data ss:Type='Number'>1728</Data></Cell> <Cell ss:StyleID='s01_0_N2200' ><Data ss:Type='Number'>1426</Data></Cell> <Cell ss:StyleID='s01_0_N2200' ><Data ss:Type='Number'>3154</Data></Cell></Row>
<Row ss:Index='16'> <Cell ss:StyleID='s01_0_S2100' ><Data ss:Type='String'>R2</Data></Cell> <Cell ss:StyleID='s01_0_N2203' ><Data ss:Type='Number'>.0082833483965839561</Data></Cell> <Cell ss:StyleID='s01_0_N2203' ><Data ss:Type='Number'>.0024111350753611704</Data></Cell> <Cell ss:StyleID='s01_0_N2203' ><Data ss:Type='Number'>.0047892817472416915</Data></Cell></Row>
<Row ss:Index='17'><Cell ss:StyleID='s01_Note'><Data ss:Type='String'>note:  .01 - ***; .05 - **; .1 - *;</Data></Cell></Row></Table></Worksheet>
</Workbook>