<?xml version='1.0' encoding='ISO-8859-1' standalone='yes'?>                           <?mso-application progid='Excel.Sheet'?>                           <Workbook xmlns='urn:schemas-microsoft-com:office:spreadsheet'                                     xmlns:o='urn:schemas-microsoft-com:office:office'                                     xmlns:x='urn:schemas-microsoft-com:office:excel'                                     xmlns:ss='urn:schemas-microsoft-com:office:spreadsheet'                                     xmlns:html='http://www.w3.org/TR/REC-html40'>
<FontList>01 Arial 10</FontList>
<Styles><Style ss:ID='s' /> <Style ss:ID='s01_Title'><Alignment ss:Vertical='Center' ss:Horizontal='Center' ss:WrapText='1'/><Font ss:Bold='1' ss:FontName='Arial' ss:Size='10' /></Style><Style ss:ID='s01_Note'><Alignment ss:Vertical='Center' ss:Horizontal='Left' /><Font ss:FontName='Arial' ss:Size='10' /></Style><Style ss:ID='s01_9_S2100'><Alignment ss:Vertical='Center' ss:Horizontal='Left' ss:WrapText='1'/><Font  ss:FontName='Arial' ss:Size='10' /><Borders></Borders><NumberFormat ss:Format='(#,##0);(-#,##0)' /></Style><Style ss:ID='s01_0_S2100'><Alignment ss:Vertical='Center' ss:Horizontal='Left' ss:WrapText='1'/><Font  ss:FontName='Arial' ss:Size='10' /><Borders></Borders><NumberFormat ss:Format='#,##0&quot;&quot;;-#,##0&quot;&quot;' /></Style><Style ss:ID='s01_9_S2210'><Alignment ss:Vertical='Center' ss:Horizontal='Center' ss:WrapText='1'/><Font ss:Bold='1' ss:FontName='Arial' ss:Size='10' /><Borders></Borders><NumberFormat ss:Format='(#,##0);(-#,##0)' /></Style><Style ss:ID='s01_0_N2303'><Alignment ss:Vertical='Center' ss:Horizontal='Right' /><Font  ss:FontName='Arial' ss:Size='10' /><Borders></Borders><NumberFormat ss:Format='#,##0.000&quot;&quot;;-#,##0.000&quot;&quot;' /></Style><Style ss:ID='s01_9_N2303'><Alignment ss:Vertical='Center' ss:Horizontal='Right' /><Font  ss:FontName='Arial' ss:Size='10' /><Borders></Borders><NumberFormat ss:Format='(#,##0.000);(-#,##0.000)' /></Style><Style ss:ID='s01_1_N2303'><Alignment ss:Vertical='Center' ss:Horizontal='Right' /><Font  ss:FontName='Arial' ss:Size='10' /><Borders></Borders><NumberFormat ss:Format='#,##0.000&quot;***&quot;;-#,##0.000&quot;***&quot;' /></Style><Style ss:ID='s01_0_N2200'><Alignment ss:Vertical='Center' ss:Horizontal='Center' /><Font  ss:FontName='Arial' ss:Size='10' /><Borders></Borders><NumberFormat ss:Format='#,##0&quot;&quot;;-#,##0&quot;&quot;' /></Style><Style ss:ID='s01_0_N2203'><Alignment ss:Vertical='Center' ss:Horizontal='Center' /><Font  ss:FontName='Arial' ss:Size='10' /><Borders></Borders><NumberFormat ss:Format='#,##0.000&quot;&quot;;-#,##0.000&quot;&quot;' /></Style><Style ss:ID='s01_2_N2303'><Alignment ss:Vertical='Center' ss:Horizontal='Right' /><Font  ss:FontName='Arial' ss:Size='10' /><Borders></Borders><NumberFormat ss:Format='#,##0.000&quot;**&quot;;-#,##0.000&quot;**&quot;' /></Style></Styles>
<DocumentProperties xmlns='urn:schemas-microsoft-com:office:office'><Description>created using xml_tab</Description></DocumentProperties><Sheetnames>?Report_indiv_reg?</Sheetnames>
<Worksheet ss:Name='Report_indiv_reg'><Table x:FullColumns='1' x:FullRows='1'><Column ss:Index='1' ss:AutoFitWidth='0' ss:Width='140'/><Row ss:Index='1'> <Cell ss:StyleID='s01_9_S2100' ><Data ss:Type='String'></Data></Cell> <Cell ss:StyleID='s01_9_S2210' ><Data ss:Type='String'>meningitis</Data></Cell> <Cell ss:StyleID='s01_9_S2210' ><Data ss:Type='String'>measles</Data></Cell> <Cell ss:StyleID='s01_9_S2210' ><Data ss:Type='String'>relative</Data></Cell> <Cell ss:StyleID='s01_9_S2210' ><Data ss:Type='String'>muslim</Data></Cell> <Cell ss:StyleID='s01_9_S2210' ><Data ss:Type='String'>nonmuslim</Data></Cell></Row>
<Row ss:Index='2'> <Cell ss:StyleID='s01_9_S2100' ><Data ss:Type='String'></Data></Cell> <Cell ss:StyleID='s01_9_S2210' ><Data ss:Type='String'>coef/se</Data></Cell> <Cell ss:StyleID='s01_9_S2210' ><Data ss:Type='String'>coef/se</Data></Cell> <Cell ss:StyleID='s01_9_S2210' ><Data ss:Type='String'>coef/se</Data></Cell> <Cell ss:StyleID='s01_9_S2210' ><Data ss:Type='String'>coef/se</Data></Cell> <Cell ss:StyleID='s01_9_S2210' ><Data ss:Type='String'>coef/se</Data></Cell></Row>
<Row ss:Index='3'> <Cell ss:StyleID='s01_0_S2100' ><Data ss:Type='String'>_cons</Data></Cell> <Cell ss:StyleID='s01_0_N2303' ><Data ss:Type='Number'>-.0010582010582036606</Data></Cell> <Cell ss:StyleID='s01_0_N2303' ><Data ss:Type='Number'>.006746031746028839</Data></Cell> <Cell ss:StyleID='s01_0_N2303' ><Data ss:Type='Number'>.0081349206349169145</Data></Cell> <Cell ss:StyleID='s01_0_N2303' ><Data ss:Type='Number'>.0028273809523817564</Data></Cell> <Cell ss:StyleID='s01_0_N2303' ><Data ss:Type='Number'>.017857142857142773</Data></Cell></Row>
<Row ss:Index='4'> <Cell ss:StyleID='s01_9_S2100' ><Data ss:Type='String'></Data></Cell> <Cell ss:StyleID='s01_9_N2303' ><Data ss:Type='Number'>.0084295702485271459</Data></Cell> <Cell ss:StyleID='s01_9_N2303' ><Data ss:Type='Number'>.0061794351706117058</Data></Cell> <Cell ss:StyleID='s01_9_N2303' ><Data ss:Type='Number'>.0066564426565637984</Data></Cell> <Cell ss:StyleID='s01_9_N2303' ><Data ss:Type='Number'>.0089053029145596159</Data></Cell> <Cell ss:StyleID='s01_9_N2303' ><Data ss:Type='Number'>.024326602484427924</Data></Cell></Row>
<Row ss:Index='5'> <Cell ss:StyleID='s01_0_S2100' ><Data ss:Type='String'>period2</Data></Cell> <Cell ss:StyleID='s01_1_N2303' ><Data ss:Type='Number'>-.050264550264550241</Data></Cell> <Cell ss:StyleID='s01_0_N2303' ><Data ss:Type='Number'>-.015873015873015733</Data></Cell> <Cell ss:StyleID='s01_0_N2303' ><Data ss:Type='Number'>-.015873015873016563</Data></Cell> <Cell ss:StyleID='s01_1_N2303' ><Data ss:Type='Number'>-.053571428571428714</Data></Cell> <Cell ss:StyleID='s01_0_N2303' ><Data ss:Type='Number'>-.023809523809523791</Data></Cell></Row>
<Row ss:Index='6'> <Cell ss:StyleID='s01_9_S2100' ><Data ss:Type='String'></Data></Cell> <Cell ss:StyleID='s01_9_N2303' ><Data ss:Type='Number'>.016518469516377352</Data></Cell> <Cell ss:StyleID='s01_9_N2303' ><Data ss:Type='Number'>.01266068632135155</Data></Cell> <Cell ss:StyleID='s01_9_N2303' ><Data ss:Type='Number'>.012502872426746001</Data></Cell> <Cell ss:StyleID='s01_9_N2303' ><Data ss:Type='Number'>.017260208221409085</Data></Cell> <Cell ss:StyleID='s01_9_N2303' ><Data ss:Type='Number'>.059105674225268662</Data></Cell></Row>
<Row ss:Index='7'> <Cell ss:StyleID='s01_0_S2100' ><Data ss:Type='String'>period3</Data></Cell> <Cell ss:StyleID='s01_1_N2303' ><Data ss:Type='Number'>.062169312169311888</Data></Cell> <Cell ss:StyleID='s01_0_N2303' ><Data ss:Type='Number'>-.0039682539682538032</Data></Cell> <Cell ss:StyleID='s01_0_N2303' ><Data ss:Type='Number'>-.0039682539682548302</Data></Cell> <Cell ss:StyleID='s01_1_N2303' ><Data ss:Type='Number'>.053075396825396658</Data></Cell> <Cell ss:StyleID='s01_2_N2303' ><Data ss:Type='Number'>.13492063492063486</Data></Cell></Row>
<Row ss:Index='8'> <Cell ss:StyleID='s01_9_S2100' ><Data ss:Type='String'></Data></Cell> <Cell ss:StyleID='s01_9_N2303' ><Data ss:Type='Number'>.017886448110425886</Data></Cell> <Cell ss:StyleID='s01_9_N2303' ><Data ss:Type='Number'>.010045576796940627</Data></Cell> <Cell ss:StyleID='s01_9_N2303' ><Data ss:Type='Number'>.0099203599202528948</Data></Cell> <Cell ss:StyleID='s01_9_N2303' ><Data ss:Type='Number'>.018882938925615524</Data></Cell> <Cell ss:StyleID='s01_9_N2303' ><Data ss:Type='Number'>.049761651603112939</Data></Cell></Row>
<Row ss:Index='9'> <Cell ss:StyleID='s01_0_S2100' ><Data ss:Type='String'>Disease indicator. 0=measles, 1=meningitis</Data></Cell> <Cell ss:StyleID='s01_0_N2303' ><Data ss:Type='String'></Data></Cell> <Cell ss:StyleID='s01_0_N2303' ><Data ss:Type='String'></Data></Cell> <Cell ss:StyleID='s01_0_N2303' ><Data ss:Type='Number'>-.010582010582011268</Data></Cell> <Cell ss:StyleID='s01_0_N2303' ><Data ss:Type='String'></Data></Cell> <Cell ss:StyleID='s01_0_N2303' ><Data ss:Type='String'></Data></Cell></Row>
<Row ss:Index='10'> <Cell ss:StyleID='s01_9_S2100' ><Data ss:Type='String'></Data></Cell> <Cell ss:StyleID='s01_9_N2303' ><Data ss:Type='String'></Data></Cell> <Cell ss:StyleID='s01_9_N2303' ><Data ss:Type='String'></Data></Cell> <Cell ss:StyleID='s01_9_N2303' ><Data ss:Type='Number'>.011389705805657834</Data></Cell> <Cell ss:StyleID='s01_9_N2303' ><Data ss:Type='String'></Data></Cell> <Cell ss:StyleID='s01_9_N2303' ><Data ss:Type='String'></Data></Cell></Row>
<Row ss:Index='11'> <Cell ss:StyleID='s01_0_S2100' ><Data ss:Type='String'>period2_m</Data></Cell> <Cell ss:StyleID='s01_0_N2303' ><Data ss:Type='String'></Data></Cell> <Cell ss:StyleID='s01_0_N2303' ><Data ss:Type='String'></Data></Cell> <Cell ss:StyleID='s01_0_N2303' ><Data ss:Type='Number'>-.03439153439153305</Data></Cell> <Cell ss:StyleID='s01_0_N2303' ><Data ss:Type='String'></Data></Cell> <Cell ss:StyleID='s01_0_N2303' ><Data ss:Type='String'></Data></Cell></Row>
<Row ss:Index='12'> <Cell ss:StyleID='s01_9_S2100' ><Data ss:Type='String'></Data></Cell> <Cell ss:StyleID='s01_9_N2303' ><Data ss:Type='String'></Data></Cell> <Cell ss:StyleID='s01_9_N2303' ><Data ss:Type='String'></Data></Cell> <Cell ss:StyleID='s01_9_N2303' ><Data ss:Type='Number'>.020592476126580255</Data></Cell> <Cell ss:StyleID='s01_9_N2303' ><Data ss:Type='String'></Data></Cell> <Cell ss:StyleID='s01_9_N2303' ><Data ss:Type='String'></Data></Cell></Row>
<Row ss:Index='13'> <Cell ss:StyleID='s01_0_S2100' ><Data ss:Type='String'>period3_m</Data></Cell> <Cell ss:StyleID='s01_0_N2303' ><Data ss:Type='String'></Data></Cell> <Cell ss:StyleID='s01_0_N2303' ><Data ss:Type='String'></Data></Cell> <Cell ss:StyleID='s01_1_N2303' ><Data ss:Type='Number'>.066137566137566842</Data></Cell> <Cell ss:StyleID='s01_0_N2303' ><Data ss:Type='String'></Data></Cell> <Cell ss:StyleID='s01_0_N2303' ><Data ss:Type='String'></Data></Cell></Row>
<Row ss:Index='14'> <Cell ss:StyleID='s01_9_S2100' ><Data ss:Type='String'></Data></Cell> <Cell ss:StyleID='s01_9_N2303' ><Data ss:Type='String'></Data></Cell> <Cell ss:StyleID='s01_9_N2303' ><Data ss:Type='String'></Data></Cell> <Cell ss:StyleID='s01_9_N2303' ><Data ss:Type='Number'>.020010971114811666</Data></Cell> <Cell ss:StyleID='s01_9_N2303' ><Data ss:Type='String'></Data></Cell> <Cell ss:StyleID='s01_9_N2303' ><Data ss:Type='String'></Data></Cell></Row>
<Row ss:Index='15'> <Cell ss:StyleID='s01_0_S2100' ><Data ss:Type='String'>Number of observations</Data></Cell> <Cell ss:StyleID='s01_0_N2200' ><Data ss:Type='Number'>1080</Data></Cell> <Cell ss:StyleID='s01_0_N2200' ><Data ss:Type='Number'>1080</Data></Cell> <Cell ss:StyleID='s01_0_N2200' ><Data ss:Type='Number'>2160</Data></Cell> <Cell ss:StyleID='s01_0_N2200' ><Data ss:Type='Number'>960</Data></Cell> <Cell ss:StyleID='s01_0_N2200' ><Data ss:Type='Number'>120</Data></Cell></Row>
<Row ss:Index='16'> <Cell ss:StyleID='s01_0_S2100' ><Data ss:Type='String'>R2</Data></Cell> <Cell ss:StyleID='s01_0_N2203' ><Data ss:Type='Number'>.016258210345902468</Data></Cell> <Cell ss:StyleID='s01_0_N2203' ><Data ss:Type='Number'>.0050115107683483817</Data></Cell> <Cell ss:StyleID='s01_0_N2203' ><Data ss:Type='Number'>.011203821461461483</Data></Cell> <Cell ss:StyleID='s01_0_N2203' ><Data ss:Type='Number'>.015978863362264062</Data></Cell> <Cell ss:StyleID='s01_0_N2203' ><Data ss:Type='Number'>.022111468854291161</Data></Cell></Row>
<Row ss:Index='17'><Cell ss:StyleID='s01_Note'><Data ss:Type='String'>note:  .01 - ***; .05 - **; .1 - *;</Data></Cell></Row></Table></Worksheet>
</Workbook>